Common Name,Scientific Name
Ostrich,Struthio camelus
Helmeted Guineafowl,Numida meleagris
Crested Guineafowl,Guttera pucherani
Vulturine Guineafowl,Acryllium vulturinum
Stone Partridge,Ptilopachus petrosus
Coqui Francolin,Francolinus coqui
Ring-necked Francolin,Francolinus streptophorus
Red-winged Francolin,Francolinus levaillantii
Shelley's Francolin,Francolinus shelleyi
Moorland Francolin,Francolinus psilolaemus
Orange River Francolin,Francolinus levaillantoides
Crested Francolin,Francolinus sephaena
Scaly Francolin,Francolinus squamatus
Hildebrandt's Francolin,Francolinus hildebrandti
Jackson's Francolin,Francolinus jacksoni
Chestnut-naped Francolin,Francolinus castaneicollis
Red-necked Spurfowl,Francolinus afer
Yellow-necked Spurfowl,Francolinus leucoscepus
Common Quail,Coturnix coturnix
Harlequin Quail,Coturnix delegorguei
Blue Quail,Coturnix adansonii
White-faced Whistling Duck,Dendrocygna viduata
Fulvous Whistling Duck,Dendrocygna bicolor
White-backed Duck,Thalassornis leuconotus
Spur-winged Goose,Plectropterus gambensis
Knob-billed Duck,Sarkidiornis melanotos
Egyptian Goose,Alopochen aegyptiaca
African Pygmy Goose,Nettapus auritus
Cape Teal,Anas capensis
Gadwall,Anas strepera
Eurasian Wigeon,Anas penelope
African Black Duck,Anas sparsa
Mallard,Anas platyrhynchos
Yellow-billed Duck,Anas undulata
Northern Shoveler,Anas clypeata
Red-billed Teal,Anas erythrorhyncha
Northern Pintail,Anas acuta
Garganey,Anas querquedula
Eurasian Teal,Anas crecca
Hottentot Teal,Anas hottentota
Southern Pochard,Netta erythrophthalma
Common Pochard,Aythya ferina
Ferruginous Duck,Aythya nyroca
Tufted Duck,Aythya fuligula
Maccoa Duck,Oxyura maccoa
Black-browed Albatross,Thalassarche melanophrys
Shy Albatross,Thalassarche cauta
Cape Petrel,Daption capense
Antarctic Prion,Pachyptila desolata
Slender-billed Prion,Pachyptila belcheri
White-chinned Petrel,Procellaria aequinoctialis
Wedge-tailed Shearwater,Puffinus pacificus
Audubon's Shearwater,Puffinus lherminieri
Sooty Shearwater,Puffinus griseus
Jouanin's Petrel,Bulweria fallax
Wilson's Storm-petrel,Oceanites oceanicus
Black-bellied Storm-petrel,Fregetta tropica
Leach's Storm-petrel,Oceanodroma leucorhoa
Matsudaira's Storm-petrel,Oceanodroma matsudairae
Little Grebe,Tachybaptus ruficollis
Great Crested Grebe,Podiceps cristatus
Black-necked Grebe,Podiceps nigricollis
Greater Flamingo,Phoenicopterus roseus
Lesser Flamingo,Phoeniconaias minor
Yellow-billed Stork,Mycteria ibis
African Open-billed Stork,Anastomus lamelligerus
Black Stork,Ciconia nigra
Abdim's Stork,Ciconia abdimii
Woolly-necked Stork,Ciconia episcopus
White Stork,Ciconia ciconia
Saddle-billed Stork,Ephippiorhynchus senegalensis
Marabou Stork,Leptoptilos crumeniferus
Sacred Ibis,Threskiornis aethiopicus
Olive Ibis,Bostrychia olivacea
Hadada Ibis,Bostrychia hagedash
Glossy Ibis,Plegadis falcinellus
Eurasian Spoonbill,Platalea leucorodia
African Spoonbill,Platalea alba
Little Bittern,Ixobrychus minutus
Dwarf Bittern,Ixobrychus sturmii
White-backed Night Heron,Gorsachius leuconotus
Black-crowned Night Heron,Nycticorax nycticorax
Striated Heron,Butorides striata
Squacco Heron,Ardeola ralloides
Madagascar Pond Heron,Ardeola idae
Rufous-bellied Heron,Ardeola rufiventris
Cattle Egret,Bubulcus ibis
Grey Heron,Ardea cinerea
Black-headed Heron,Ardea melanocephala
Goliath Heron,Ardea goliath
Purple Heron,Ardea purpurea
Great White Egret,Ardea alba
Yellow-billed Egret,Egretta intermedia
Black Heron,Egretta ardesiaca
Little Egret,Egretta garzetta
Western Reef Heron,Egretta gularis
Dimorphic Egret,Egretta dimorpha
White-tailed Tropicbird,Phaethon lepturus
Greater Frigatebird,Fregata minor
Lesser Frigatebird,Fregata ariel
Hamerkop,Scopus umbretta
Shoebill,Balaeniceps rex
Great White Pelican,Pelecanus onocrotalus
Pink-backed Pelican,Pelecanus rufescens
Masked Booby,Sula dactylatra
Red-footed Booby,Sula sula
Brown Booby,Sula leucogaster
Reed Cormorant,Phalacrocorax africanus
Great Cormorant,Phalacrocorax carbo
African Darter,Anhinga rufa
Pygmy Falcon,Polihierax semitorquatus
Lesser Kestrel,Falco naumanni
Common Kestrel,Falco tinnunculus
Greater Kestrel,Falco rupicoloides
Fox Kestrel,Falco alopex
Grey Kestrel,Falco ardosiaceus
Dickinson's Kestrel,Falco dickinsoni
Red-necked Falcon,Falco chiquera
Red-footed Falcon,Falco vespertinus
Amur Falcon,Falco amurensis
Eleonora's Falcon,Falco eleonorae
Sooty Falcon,Falco concolor
Eurasian Hobby,Falco subbuteo
African Hobby,Falco cuvieri
Lanner Falcon,Falco biarmicus
Saker Falcon,Falco cherrug
Peregrine Falcon,Falco peregrinus
Barbary Falcon,Falco pelegrinoides
Taita Falcon,Falco fasciinucha
Secretarybird,Sagittarius serpentarius
Osprey,Pandion haliaetus
African Cuckoo Hawk,Aviceda cuculoides
European Honey Buzzard,Pernis apivorus
Bat Hawk,Macheiramphus alcinus
African Black-shouldered Kite,Elanus caeruleus
African Swallow-tailed Kite,Chelictinia riocourii
Black Kite,Milvus migrans
African Fish Eagle,Haliaeetus vocifer
Palm-nut Vulture,Gypohierax angolensis
Lammergeier,Gypaetus barbatus
Egyptian Vulture,Neophron percnopterus
Hooded Vulture,Necrosyrtes monachus
White-backed Vulture,Gyps africanus
Rüppell's Vulture,Gyps rueppellii
White-headed Vulture,Trigonoceps occipitalis
Lappet-faced Vulture,Torgos tracheliotus
Short-toed Snake Eagle,Circaetus gallicus
Beaudouin's Snake Eagle,Circaetus beaudouini
Black-chested Snake Eagle,Circaetus pectoralis
Brown Snake Eagle,Circaetus cinereus
Southern Banded Snake Eagle,Circaetus fasciolatus
Western Banded Snake Eagle,Circaetus cinerascens
Bateleur,Terathopius ecaudatus
Western Marsh Harrier,Circus aeruginosus
African Marsh Harrier,Circus ranivorus
Pallid Harrier,Circus macrourus
Montagu's Harrier,Circus pygargus
African Harrier Hawk,Polyboroides typus
Dark Chanting Goshawk,Melierax metabates
Eastern Chanting Goshawk,Melierax poliopterus
Gabar Goshawk,Micronisus gabar
African Goshawk,Accipiter tachiro
Shikra,Accipiter badius
Levant Sparrowhawk,Accipiter brevipes
Little Sparrowhawk,Accipiter minullus
Ovambo Sparrowhawk,Accipiter ovampensis
Eurasian Sparrowhawk,Accipiter nisus
Rufous-breasted Sparrowhawk,Accipiter rufiventris
Great Sparrowhawk,Accipiter melanoleucus
Lizard Buzzard,Kaupifalco monogrammicus
Grasshopper Buzzard,Butastur rufipennis
Common Buzzard,Buteo buteo
Mountain Buzzard,Buteo oreophilus
Long-legged Buzzard,Buteo rufinus
Augur Buzzard,Buteo augur
Lesser Spotted Eagle,Aquila pomarina
Greater Spotted Eagle,Aquila clanga
Tawny Eagle,Aquila rapax
Steppe Eagle,Aquila nepalensis
Eastern Imperial Eagle,Aquila heliaca
Verreaux's Eagle,Aquila verreauxii
Wahlberg's Eagle,Aquila wahlbergi
African Hawk Eagle,Aquila spilogaster
Booted Eagle,Aquila pennata
Ayres's Hawk Eagle,Aquila ayresii
Martial Eagle,Polemaetus bellicosus
Long-crested Eagle,Lophaetus occipitalis
Cassin's Hawk Eagle,Spizaetus africanus
Crowned Eagle,Stephanoaetus coronatus
Arabian Bustard,Ardeotis arabs
Kori Bustard,Ardeotis kori
Denham's Bustard,Neotis denhami
Heuglin's Bustard,Neotis heuglinii
White-bellied Bustard,Eupodotis senegalensis
Buff-crested Bustard,Lophotis gindiana
Black-bellied Bustard,Lissotis melanogaster
Hartlaub's Bustard,Lissotis hartlaubii
White-spotted Flufftail,Sarothrura pulchra
Buff-spotted Flufftail,Sarothrura elegans
Red-chested Flufftail,Sarothrura rufa
Streaky-breasted Flufftail,Sarothrura boehmi
Striped Flufftail,Sarothrura affinis
African Water Rail,Rallus caerulescens
African Crake,Crex egregia
Corncrake,Crex crex
Black Crake,Amaurornis flavirostra
Baillon's Crake,Porzana pusilla
Spotted Crake,Porzana porzana
Striped Crake,Aenigmatolimnas marginalis
Purple Swamphen,Porphyrio porphyrio
Allen's Gallinule,Porphyrio alleni
Common Moorhen,Gallinula chloropus
Lesser Moorhen,Gallinula angulata
Red-knobbed Coot,Fulica cristata
African Finfoot,Podica senegalensis
Grey Crowned Crane,Balearica regulorum
Black Crowned Crane,Balearica pavonina
Demoiselle Crane,Anthropoides virgo
Common Crane,Grus grus
Common Buttonquail,Turnix sylvaticus
Black-rumped Buttonquail,Turnix hottentottus
Quailplover,Ortyxelos meiffrenii
Stone-curlew,Burhinus oedicnemus
Senegal Thick-knee,Burhinus senegalensis
Water Thick-knee,Burhinus vermiculatus
Spotted Thick-knee,Burhinus capensis
Eurasian Oystercatcher,Haematopus ostralegus
Crab-plover,Dromas ardeola
Black-winged Stilt,Himantopus himantopus
Pied Avocet,Recurvirostra avosetta
Northern Lapwing,Vanellus vanellus
Long-toed Plover,Vanellus crassirostris
Blacksmith Plover,Vanellus armatus
Spur-winged Plover,Vanellus spinosus
Black-headed Plover,Vanellus tectus
Senegal Plover,Vanellus lugubris
Black-winged Plover,Vanellus melanopterus
Crowned Plover,Vanellus coronatus
African Wattled Plover,Vanellus senegallus
Brown-chested Plover,Vanellus superciliosus
Pacific Golden Plover,Pluvialis fulva
Grey Plover,Pluvialis squatarola
Common Ringed Plover,Charadrius hiaticula
Little Ringed Plover,Charadrius dubius
Kittlitz's Plover,Charadrius pecuarius
Three-banded Plover,Charadrius tricollaris
White-fronted Plover,Charadrius marginatus
Kentish Plover,Charadrius alexandrinus
Chestnut-banded Plover,Charadrius pallidus
Lesser Sand Plover,Charadrius mongolus
Greater Sand Plover,Charadrius leschenaultii
Caspian Plover,Charadrius asiaticus
Greater Painted-snipe,Rostratula benghalensis
Lesser Jacana,Microparra capensis
African Jacana,Actophilornis africanus
Jack Snipe,Lymnocryptes minimus
Pintail Snipe,Gallinago stenura
African Snipe,Gallinago nigripennis
Great Snipe,Gallinago media
Common Snipe,Gallinago gallinago
Black-tailed Godwit,Limosa limosa
Bar-tailed Godwit,Limosa lapponica
Whimbrel,Numenius phaeopus
Eurasian Curlew,Numenius arquata
Spotted Redshank,Tringa erythropus
Common Redshank,Tringa totanus
Marsh Sandpiper,Tringa stagnatilis
Common Greenshank,Tringa nebularia
Green Sandpiper,Tringa ochropus
Wood Sandpiper,Tringa glareola
Terek Sandpiper,Xenus cinereus
Common Sandpiper,Actitis hypoleucos
Spotted Sandpiper,Actitis macularius
Ruddy Turnstone,Arenaria interpres
Red Knot,Calidris canutus
Sanderling,Calidris alba
Red-necked Stint,Calidris ruficollis
Little Stint,Calidris minuta
Temminck's Stint,Calidris temminckii
Long-toed Stint,Calidris subminuta
Pectoral Sandpiper,Calidris melanotos
Curlew Sandpiper,Calidris ferruginea
Dunlin,Calidris alpina
Broad-billed Sandpiper,Limicola falcinellus
Buff-breasted Sandpiper,Tryngites subruficollis
Ruff,Philomachus pugnax
Red-necked Phalarope,Phalaropus lobatus
Grey Phalarope,Phalaropus fulicarius
Egyptian Plover,Pluvianus aegyptius
Cream-coloured Courser,Cursorius cursor
Somali Courser,Cursorius somalensis
Temminck's Courser,Cursorius temminckii
Double-banded Courser,Rhinoptilus africanus
Heuglin's Courser,Rhinoptilus cinctus
Bronze-winged Courser,Rhinopterus chalcopterus
Collared Pratincole,Glareola pratincola
Black-winged Pratincole,Glareola nordmanni
Madagascar Pratincole,Glareola ocularis
Rock Pratincole,Glareola nuchalis
Sooty Gull,Larus hemprichii
Common Gull,Larus canus
Kelp Gull,Larus dominicanus
Lesser Black-backed Gull,Larus fuscus
Pallas's Gull,Larus ichthyaetus
Grey-headed Gull,Chroicocephaus cirrocephalus
Black-headed Gull,Chroicocephalus ridibundus
Slender-billed Gull,Chroicocephalus genei
Gull-billed Tern,Gelochelidon nilotica
Caspian Tern,Hydroprogne caspia
Lesser Crested Tern,Sterna bengalensis
Sandwich Tern,Sterna sandvicensis
Swift Tern,Sterna bergii
Roseate Tern,Sterna dougallii
Common Tern,Sterna hirundo
White-cheeked Tern,Sterna repressa
Little Tern,Sternula albifrons
Saunders's Tern,Sternula saundersi
Bridled Tern,Onychoprion anaethetus
Sooty Tern,Onychoprion fuscata
Whiskered Tern,Chlidonias hybrida
White-winged Black Tern,Chlidonias leucopterus
Black Tern,Chlidonias niger
Brown Noddy,Anous stolidus
Lesser Noddy,Anous tenuirostris
African Skimmer,Rhynchops flavirostris
Pomarine Skua,Stercorarius pomarinus
Arctic Skua,Stercorarius parasiticus
Long-tailed Skua,Stercorarius longicaudus
Chestnut-bellied Sandgrouse,Pterocles exustus
Yellow-throated Sandgrouse,Pterocles gutturalis
Black-faced Sandgrouse,Pterocles decoratus
Lichtenstein's Sandgrouse,Pterocles lichtensteinii
Four-banded Sandgrouse,Pterocles quadricinctus
Feral Pigeon,Columba livia
Speckled Pigeon,Columba guinea
African Olive Pigeon,Columba arquatrix
Eastern Bronze-naped Pigeon,Columba delegorguei
Lemon Dove,Aplopelia larvata
European Turtle Dove,Streptopelia turtur
Dusky Turtle Dove,Streptopelia lugens
African White-winged Dove,Streptopelia reichenowi
African Mourning Dove,Streptopelia decipiens
Red-eyed Dove,Streptopelia semitorquata
Ring-necked Dove,Streptopelia capicola
Laughing Dove,Streptopelia senegalensis
Emerald-spotted Wood Dove,Turtur chalcospilos
Blue-spotted Wood Dove,Turtur afer
Tambourine Dove,Turtur tympanistria
Namaqua Dove,Oena capensis
Bruce's Green Pigeon,Treron waalia
African Green Pigeon,Treron calvus
Red-headed Lovebird,Agapornis pullarius
Yellow-collared Lovebird,Agapornis personatus
Fischer's Lovebird,Agapornis fischeri
Hybrid Lovebird,Agapornis fischeri x personatus
Grey Parrot,Psittacus erithacus
Red-fronted Parrot,Poicephalus gulielmi
Meyer's Parrot,Poicephalus meyeri
Brown-headed Parrot,Poicephalus cryptoxanthus
African Orange-bellied Parrot,Poicephalus rufiventris
Great Blue Turaco,Corythaeola cristata
Schalow's Turaco,Tauraco schalowi
Black-billed Turaco,Tauraco schuetti
Fischer's Turaco,Tauraco fischeri
White-crested Turaco,Tauraco leucolophus
Hartlaub's Turaco,Tauraco hartlaubi
Purple-crested Turaco,Tauraco porphyreolophus
Ross's Turaco,Musophaga rossae
Bare-faced Go-away-bird,Corythaixoides personatus
White-bellied Go-away-bird,Corythaixoides leucogaster
Eastern Grey Plantain-eater,Crinifer zonurus
Jacobin Cuckoo,Clamator jacobinus
Levaillant's Cuckoo,Clamator levaillantii
Great Spotted Cuckoo,Clamator glandarius
Thick-billed Cuckoo,Pachycoccyx audeberti
Red-chested Cuckoo,Cuculus solitarius
Black Cuckoo,Cuculus clamosus
Common Cuckoo,Cuculus canorus
African Cuckoo,Cuculus gularis
Lesser Cuckoo,Cuculus poliocephalus
Madagascar Cuckoo,Cuculus rochii
Barred Long-tailed Cuckoo,Cercococcyx montanus
Klaas's Cuckoo,Chrysococcyx klaas
African Emerald Cuckoo,Chrysococcyx cupreus
Diederik Cuckoo,Chrysococcyx caprius
Yellowbill,Ceuthmochares aereus
Black Coucal,Centropus grillii
Blue-headed Coucal,Centropus monachus
Senegal Coucal,Centropus senegalensis
White-browed Coucal,Centropus superciliosus
Grass Owl,Tyto capensis
Barn Owl,Tyto alba
Sokoke Scops Owl,Otus ireneae
African Scops Owl,Otus senegalensis
Eurasian Scops Owl,Otus scops
Northern White-faced Scops Owl,Ptilopsis leucotis
Southern White-faced Scops Owl,Ptilopsis granti
Cape Eagle Owl,Bubo capensis
Spotted Eagle Owl,Bubo africanus
Greyish Eagle Owl,Bubo cinerascens
Verreaux's Eagle Owl,Bubo lacteus
Pel's Fishing Owl,Scotopelia peli
African Wood Owl,Strix woodfordii
Pearl-spotted Owlet,Glaucidium perlatum
Red-chested Owlet,Glaucidium tephronotum
African Barred Owlet,Glaucidium capense
Abyssinian Owl,Asio abyssinicus
Short-eared Owl,Asio flammeus
Marsh Owl,Asio capensis
Eurasian Nightjar,Caprimulgus europaeus
Dusky Nightjar,Caprimulgus fraenatus
Nubian Nightjar,Caprimulgus nubicus
Donaldson Smith's Nightjar,Caprimulgus donaldsoni
Fiery-necked Nightjar,Caprimulgus pectoralis
Montane Nightjar,Caprimulgus poliocephalus
Swamp Nightjar,Caprimulgus natalensis
Plain Nightjar,Caprimulgus inornatus
Star-spotted Nightjar,Caprimulgus stellatus
Freckled Nightjar,Caprimulgus tristigma
Long-tailed Nightjar,Caprimulgus climacurus
Slender-tailed Nightjar,Caprimulgus clarus
Gabon Nightjar,Caprimulgus fossii
Standard-winged Nightjar,Macrodipteryx longipennis
Pennant-winged Nightjar,Macrodipteryx vexillarius
Scarce Swift,Schoutedenapus myoptilus
Böhm's Spinetail,Neafrapus boehmi
Mottled Spinetail,Telecanthura ussheri
Sabine's Spinetail,Rhaphidura sabini
African Palm Swift,Cypsiurus parvus
Alpine Swift,Tachymarptis melba
Mottled Swift,Tachymarptis aequatorialis
Common Swift,Apus apus
Nyanza Swift,Apus niansae
African Black Swift,Apus barbatus
Forbes-Watson's Swift,Apus berliozi
Little Swift,Apus affinis
Horus Swift,Apus horus
White-rumped Swift,Apus caffer
Speckled Mousebird,Colius striatus
White-headed Mousebird,Colius leucocephalus
Blue-naped Mousebird,Urocolius macrourus
Narina Trogon,Apaloderma narina
Bar-tailed Trogon,Apaloderma vittatum
Rufous-crowned Roller,Coracias naevius
Lilac-breasted Roller,Coracias caudatus
Abyssinian Roller,Coracias abyssinicus
Eurasian Roller,Coracias garrulus
Broad-billed Roller,Eurystomus glaucurus
Grey-headed Kingfisher,Halcyon leucocephala
Brown-hooded Kingfisher,Halcyon albiventris
Striped Kingfisher,Halcyon chelicuti
Blue-breasted Kingfisher,Halcyon malimbica
Woodland Kingfisher,Halcyon senegalensis
Mangrove Kingfisher,Halcyon senegaloides
African Pygmy Kingfisher,Ceyx pictus
Malachite Kingfisher,Alcedo cristata
Shining-blue Kingfisher,Alcedo quadribrachys
Semi-collared Kingfisher,Alcedo semitorquata
Giant Kingfisher,Megaceryle maxima
Pied Kingfisher,Ceryle rudis
Blue-headed Bee-eater,Merops muelleri
Swallow-tailed Bee-eater,Merops hirundineus
Little Bee-eater,Merops pusillus
Blue-breasted Bee-eater,Merops variegatus
Cinnamon-chested Bee-eater,Merops oreobates
White-fronted Bee-eater,Merops bullockoides
Somali Bee-eater,Merops revoilii
White-throated Bee-eater,Merops albicollis
Blue-cheeked Bee-eater,Merops persicus
Madagascar Bee-eater,Merops superciliosus
Eurasian Bee-eater,Merops apiaster
Northern Carmine Bee-eater,Merops nubicus
Southern Carmine Bee-eater,Merops nubicoides
Hoopoe,Upupa epops
Forest Wood-hoopoe,Phoeniculus castaneiceps
White-headed Wood-hoopoe,Pheoniculus bollei
Green Wood-hoopoe,Pheoniculus purpureus
Black-billed Wood-hoopoe,Phoeniculus somaliensis
Violet Wood-hoopoe,Phoeniculus damarensis
Common Scimitarbill,Rhinopomastus cyanomelas
Abyssinian Scimitarbill,Rhinopomastus minor
Crowned Hornbill,Tockus alboterminatus
Hemprich's Hornbill,Tockus hemprichii
African Grey Hornbill,Tockus nasutus
Red-billed Hornbill,Tockus erythrorhynchus
Eastern Yellow-billed Hornbill,Tockus flavirostris
Von der Decken's Hornbill,Tockus deckeni
Jackson's Hornbill,Tockus jacksoni
Trumpeter Hornbill,Bycanistes bucanitor
Black-and-white Casqued Hornbill,Bycanistes subcylindricus
Silvery-cheeked Hornbill,Bycanistes brevis
Abyssinian Ground Hornbill,Bucorvus abyssinicus
Southern Ground Hornbill,Bucorvus leadbeteri
Grey-throated Barbet,Gymnobucco bonapartei
White-eared Barbet,Stactolaema leucotis
Green Barbet,Stactolaema olivacea
Speckled Tinkerbird,Pogoniulus scolopaceus
Green Tinkerbird,Pogoniulus simplex
Moustached Tinkerbird,Pogoniulus leucomystax
Yellow-rumped Tinkerbird,Pogoniulus bilineatus
Red-fronted Tinkerbird,Pogoniulus pusillus
Yellow-fronted Tinkerbird,Pogoniulus chrysoconus
Yellow-spotted Barbet,Buccanodon duchaillui
Hairy-breasted Barbet,Tricholaema hirsuta
Red-fronted Barbet,Tricholaema diademata
Spot-flanked Barbet,Tricholaema lacrymosa
Black-throated Barbet,Tricholaema melanocephala
White-headed Barbet,Lybius leucocephalus
Black-billed Barbet,Lybius guifsobalito
Black-collared Barbet,Lybius torquatus
Brown-breasted Barbet,Lybius melanopterus
Double-toothed Barbet,Lybius bidentatus
Yellow-billed Barbet,Trachylaemus purpuratus
Red-and-yellow Barbet,Trachyphonus erythrocephalus
D'Arnaud's Barbet,Trachyphonus darnaudii
Cassin's Honeybird,Prodotiscus insignis
Green-backed Honeybird,Prodotiscus zambesiae
Wahlberg's Honeybird,Prodotiscus regulus
Pallid Honeyguide,Indicator meliphilus
Least Honeyguide,Indicator exilis
Lesser Honeyguide,Indicator minor
Scaly-throated Honeyguide,Indicator variegatus
Greater Honeyguide,Indicator indicator
Eurasian Wryneck,Jynx torquilla
Red-throated Wryneck,Jynx ruficollis
Nubian Woodpecker,Campethera nubica
Golden-tailed Woodpecker,Campethera abingoni
Mombasa Woodpecker,Campethera mombassica
Green-backed Woodpecker,Campethera cailliautii
Bennett's Woodpecker,Campethera bennetti
Fine-banded Woodpecker,Campethera tullbergi
Buff-spotted Woodpecker,Campethera nivosa
Brown-eared Woodpecker,Campethera caroli
Speckle-breasted Woodpecker,Dendropicos poecilolaemus
Cardinal Woodpecker,Dendropicos fuscescens
Bearded Woodpecker,Dendropicos namaquus
Yellow-crested Woodpecker,Dendropicos xantholophus
African Grey Woodpecker,Dendropicos goertae
Brown-backed Woodpecker,Picoides obsoletus
African Broadbill,Smithornis capensis
African Pitta,Pitta angolensis
Shrike Flycatcher,Megabyas flammulatus
Black-and-white Flycatcher,Bias musicus
Chestnut Wattle-eye,Dyaphorophyia castanea
Jameson's Wattle-eye,Dyaphorophyia jamesoni
Yellow-bellied Wattle-eye,Dyaphorophyia concreta
Forest Batis,Batis mixta
Chin-spot Batis,Batis molitor
Grey-headed Batis,Batis orientalis
Pale Batis,Batis soror
Black-headed Batis,Batis minor
Pygmy Batis,Batis perkeo
Brown-throated Wattle-eye,Platysteira cyanea
Black-throated Wattle-eye,Platysteira peltata
White-crested Helmetshrike,Prionops plumatus
Grey-crested Helmetshrike,Prionops poliolophus
Retz's Helmetshrike,Prionops retzii
Chestnut-fronted Helmetshrike,Prionops scopifrons
Grey-headed Bushshrike,Malaconotus blanchoti
Black-fronted Bushshrike,Chlorophoneus nigrifrons
Bocage's Bushshrike,Chlorophoneus bocagei
Sulphur-breasted Bushshrike,Chlorophoneus sulfureopectus
Gorgeous Bushshrike,Chlorophoneus viridis
Doherty's Bushshrike,Chlorophoneus dohertyi
Rosy-patched Bushshrike,Rhodophoneus cruentus
Marsh Tchagra,Tchagra minutus
Brown-crowned Tchagra,Tchagra australis
Three-streaked Tchagra,Tchagra jamesi
Black-crowned Tchagra,Tchagra senegalus
Pink-footed Puffback,Dryoscopus angolensis
Black-backed Puffback,Dryoscopus cubla
Pringle's Puffback,Dryoscopus pringlii
Northern Puffback,Dryoscopus gambensis
Sooty Bouobu,Laniarius leucorhynchus
Slate-coloured Boubou,Laniarius funebris
Lühder's Bushshrike,Laniarius luehderi
Red-naped Bushshrike,Laniarius ruficeps
Tropical Boubou,Laniarius aethopicus
Papyrus Gonolek,Laniarius mufumbiri
Black-headed Gonolek,Laniarius erythrogaster
Brubru,Nilaus afer
Grey Cuckooshrike,Coracina caesia
White-breasted Cuckooshrike,Coracina pectoralis
Black Cuckooshrike,Campephaga flava
Red-shouldered Cuckooshrike,Campephaga phoenicea
Petit's Cuckooshrike,Campephaga petiti
Purple-throated Cuckooshrike,Campephaga quiscalina
Yellow-billed Shrike,Corvinella corvina
Magpie Shrike,Urolestes melanoleucus
Northern White-crowned Shrike,Eurocephalus rueppelli
Red-backed Shrike,Lanius collurio
Isabelline Shrike,Lanius isabellinus
Mackinnon's Shrike,Lanius mackinnoni
Lesser Grey Shrike,Lanius minor
Southern Grey Shrike,Lanius meridionalis
Grey-backed Fiscal,Lanius excubitoroides
Long-tailed Fiscal,Lanius cabanisi
Taita Fiscal,Lanius dorsalis
Somali Fiscal,Lanius somalicus
Common Fiscal,Lanius collaris
Woodchat Shrike,Lanius senator
Masked Shrike,Lanius nubicus
Eurasian Golden Oriole,Oriolus oriolus
African Golden Oriole,Oriolus auratus
Green-headed Oriole,Oriolus chlorocephalus
Western Oriole,Oriolus brachyrhynchus
Montane Oriole,Oriolus percivali
Black-headed Oriole,Oriolus larvatus
Square-tailed Drongo,Dicrurus ludwigii
Common Drongo,Dicrurus adsimilis
Velvet-mantled Drongo,Dicrurus modestus
Blue-mantled Crested Flycatcher,Trochocercus cyanomelas
Little Yellow Flycatcher,Erythrocercus holochlorus
Red-bellied Paradise Flycatcher,Terpsiphone rufiventer
African Paradise Flycatcher,Terpsiphone viridis
African Blue Flycatcher,Elminia longicauda
Dusky Crested Flycatcher,Elminia nigromitrata
White-tailed Crested Flycatcher,Eliminia albonotata
Piapiac,Ptilostomus afer
House Crow,Corvus splendens
Cape Rook,Corvus capensis
Pied Crow,Corvus albus
Dwarf Raven,Corvus edithae
Fan-tailed Raven,Corvus rhipidurus
White-necked Raven,Corvus albicollis
Dusky Tit,Parus funereus
Northern Black Tit,Parus leucomelas
White-bellied Tit,Parus albiventris
Red-throated Tit,Parus fringillinus
Northern Grey Tit,Parus thruppi
Mouse-coloured Penduline Tit,Anthoscopus musculus
Grey Penduline Tit,Anthoscopus caroli
White-headed Saw-wing,Psalidoprocne albiceps
Black Saw-wing,Psalidoprocne pristoptera
Grey-rumped Swallow,Pseudhirundo griseopyga
Mascarene Martin,Phedina borbonica
Plain Martin,Riparia paludicola
Sand Martin,Riparia riparia
Banded Martin,Riparia cincta
Barn Swallow,Hirundo rustica
Angola Swallow,Hirundo angolensis
Ethiopian Swallow,Hirundo aethiopica
Wire-tailed Swallow,Hirundo smithii
Blue Swallow,Hirundo atrocaerulea
Rock Martin,Ptyonoprogne fuligula
Common House Martin,Delichon urbicum
Lesser Striped Swallow,Cecropis abyssinica
Rufous-chested Swallow,Cecropis semirufa
Mosque Swallow,Cecropis senegalensis
Red-rumped Swallow,Cecropis daurica
South African Cliff Swallow,Petrochelidon spilodera
Singing Bush Lark,Mirafra cantillans
White-tailed Lark,Mirafra albicauda
Williams's Lark,Mirafra williamsi
Friedmann's Lark,Mirafra pulpa
Rufous-naped Lark,Mirafra africana
Red-winged Lark,Mirafra hypermetra
Flappet Lark,Mirafra rufocinnamomea
Fawn-coloured Lark,Mirafra africanoides
Collared Lark,Mirafra collaris
Gillett's Lark,Mirafra gilletti
Pink-breasted Lark,Mirafra poecilosterna
Greater Short-toed Lark,Calandrella brachydactyla
Red-capped Lark,Calandrella cinerea
Somali Short-toed Lark,Calandrella somalica
Masked Lark,Spizocorys personata
Short-tailed Lark,Pseudalaemon fremantlii
Crested Lark,Galerida cristata
Thekla Lark,Galerida theklae
Chestnut-backed Sparrow Lark,Eremopterix leucotis
Chestnut-headed Sparrow Lark,Eremopterix signatus
Fischer's Sparrow Lark,Eremopterix leucopareia
Red-faced Cisticola,Cisticola erythrops
Singing Cisticola,Cisticola cantans
Whistling Cisticola,Cistocola lateralis
Trilling Cisticola,Cisticola woosnami
Chubb's Cisticola,Cisticola chubbi
Hunter's Cisticola,Cisticola hunteri
Rock-loving Cisticola,Cisticola aberrans
Rattling Cisticola,Cisticola chiniana
Boran Cisticola,Cisticola bodessa
Ashy Cisticola,Cisticola cinereolus
Tana River Cisticola,Cisticola restrictus
Wailing Cisticola,Cisticola lais
Winding Cisticola,Cisticola galactotes
Coastal Cisticola,Cisticola haematocephalus
Carruthers's Cisticola,Cisticola carruthersi
Levaillant's Cisticola,Cisticola tinniens
Stout Cisticola,Cisticola robustus
Aberdare Cisticola,Cisticola aberdare
Croaking Cisticola,Cisticola natalensis
Red-pate Cisticola,Cisticola ruficeps
Tiny Cisticola,Cisticola nanus
Siffling Cisticola,Cisticola brachypterus
Foxy Cisticola,Cisticola troglodytes
Long-tailed Cisticola,Cisticola angusticauda
Zitting Cisticola,Cisticola juncidis
Desert Cisticola,Cisticola aridulus
Black-backed Cisticola,Cisticola eximius
Pectoral-patch Cisticola,Cisticola brunnescens
Wing-snapping Cisticola,Cisticola ayersii
Tawny-flanked Prinia,Prinia subflava
Pale Prinia,Prinia somalica
River Prinia,Prinia fluviatilis
Banded Prinia,Prinia bairdii
White-chinned Prinia,Schistolais leucopogon
Red-winged Warbler,Heliolais erythropterus
Buff-bellied Warbler,Phyllolais pulchella
Bar-throated Apalis,Apalis thoracica
Black-collared Apalis,Apalis pulchra
Yellow-breasted Apalis,Apalis flavida
Black-throated Apalis,Apalis jacksoni
White-winged Apalis,Apalis chariessa
Black-headed Apalis,Apalis melanocephala
Chestnut-throated Apalis,Apalis porphyrolaema
Buff-throated Apalis,Apalis rufogularis
Karamoja Apalis,Apalis karamojae
Grey Apalis,Apalis cinerea
Brown-headed Apalis,Apalis alticola
Red-fronted Warbler,Urorhipis rufifrons
Grey-capped Warbler,Eminia lepida
Grey-backed Camaroptera,Camaroptera brachyura
Olive-green Camaroptera,Camaroptera chloronota
Grey Wren Warbler,Calamonastes simplex
Pale Wren Warbler,Calamonastes undosus
Common Bulbul,Pycnonotus barbatus
Shelley's Greenbul,Andropadus masukuensis
Mountain Greenbul,Andropadus nigriceps
Stripe-cheeked Greenbul,Andropadus milanjensis
Little Greenbul,Andropadus virens
Little Grey Greenbul,Andropadus gracilis
Ansorge's Greenbul,Andropadus ansorgei
Plain Greenbul,Andropadus curvirostris
Yellow-whiskered Greenbul,Andropadus latirostris
Slender-billed Greenbul,Andropadus gracilirostris
Zanzibar Greenbul,Andropadus importunus
Honeyguide Greenbul,Baeopogon indicator
Joyful Greenbul,Chlorocichla laetissima
Yellow-bellied Greenbul,Chlorocichla flaviventris
Yellow-throated Leaflove,Chlorocichla flavicollis
Terrestrial Brownbul,Phyllastrephus terrestris
Northern Brownbul,Phyllastrephus strepitans
Grey-olive Greenbul,Phyllastrephus cerviniventris
Toro Olive Greenbul,Phyllastrephus hypochloris
Fischer's Greenbul,Phyllastrephus fischeri
Cabanis's Greenbul,Phyllastrephus cabanisi
Yellow-streaked Greenbul,Phyllastrephus flavostriatus
Tiny Greenbul,Phyllastrephus debilis
Red-tailed Bristlebill,Bleda syndactyla
Eastern Nicator,Nicator gularis
Fan-tailed Grassbird,Schoenicola brevirostris
Little Rush Warbler,Bradypterus baboecala
White-winged Swamp Warbler,Bradypterus carpalis
Evergreen Forest Warbler,Bradypterus lopezi
Cinnamon Bracken Warbler,Bradypterus cinnamomeus
Black-faced Rufous Warbler,Bathmocercus rufus
Moustached Grass Warbler,Melocichla mentalis
Common Grasshopper Warbler,Locustella naevia
River Warbler,Locustella fluviatilis
Savi's Warbler,Locustella luscinioides
Basra Reed Warbler,Acrocephalus griseldis
Greater Swamp Warbler,Acrocephalus rufescens
Lesser Swamp Warbler,Acrocephalus gracilirostris
Great Reed Warbler,Acrocephalus arundinaceus
Sedge Warbler,Acrocephalus schoenobaenus
African Reed Warbler,Acrocephalus baeticatus
Eurasian Reed Warbler,Acrocephalus scirpaceus
Marsh Warbler,Acrocephalus palustris
Eastern Olivaceous Warbler,Hippolais pallida
Upcher's Warbler,Hippolais languida
Olive-tree Warbler,Hippolais olivetorum
Icterine Warbler,Hippolais icterina
Dark-capped Yellow Warbler,Chloropeta natalensis
Mountain Yellow Warbler,Chloropeta similis
Papyrus Yellow Warbler,Chloropeta gracilirostris
Kretschmer's Longbill,Macrosphenus kretschmeri
Yellow-bellied Hyliota,Hyliota flavigaster
Southern Hyliota,Hyliota australis
Green Hylia,Hylia prasina
Yellow-throated Woodland Warbler,Phylloscopus ruficapilla
Uganda Woodland Warbler,Phylloscopus budongoensis
Brown Woodland Warbler,Phylloscopus umbrovirens
Willow Warbler,Phylloscopus trochilus
Common Chiffchaff,Phylloscopus collybita
Wood Warbler,Phylloscopus sibilatrix
Yellow-bellied Eremomela,Eremomela icteropygialis
Yellow-vented Eremomela,Eremomela flavicrissalis
Green-backed Eremomela,Eremomela canescens
Green-capped Eremomela,Eremomela scotops
Turner's Eremomela,Eremomela turneri
Northern Crombec,Sylvietta brachyura
Red-faced Crombec,Sylvietta whytii
Somali Crombec,Sylvietta isabellina
Green Crombec,Sylvietta virens
White-browed Crombec,Sylvietta leucophrys
Blackcap,Sylvia atricapilla
Garden Warbler,Sylvia borin
Barred Warbler,Sylvia nisoria
Common Whitethroat,Sylvia communis
Brown Parisoma,Parisoma lugens
Banded Parisoma,Parisoma boehmi
Scaly-breasted Illadopsis,Illadopsis albipectus
Pale-breasted Illadopsis,Illadopsis rufipennis
Brown Illadopsis,Illadopsis fulvescens
Mountain Illadopsis,Illadopsis pyrrhoptera
Grey-chested Babbler,Kakamega poliothorax
African Hill Babbler,Pseudoalcippe abyssinica
Scaly Chatterer,Turdoides aylmeri
Rufous Chatterer,Turdoides rubiginosa
Black-lored Babbler,Turdoides sharpei
Brown Babbler,Turdoides plebejus
Arrow-marked Babbler,Turdoides jardineii
Scaly Babbler,Turdoides squamulata
Hinde's Babbler,Turdoides hindei
Northern Pied Babbler,Turdoides hypoleuca
Abyssinian White-eye,Zosterops abyssinicus
African Yellow White-eye,Zosterops senegalensis
Montane White-eye,Zosterops poliogastrus
Spotted Creeper,Salpornis spilonotus
Rose-coloured Starling,Pastor roseus
Wattled Starling,Creatophora cinerea
Greater Blue-eared Starling,Lamprotornis chalybaeus
Lesser Blue-eared Starling,Lamprotornis chloropterus
Bronze-tailed Starling,Lamprotornis chalcurus
Splendid Starling,Lamprotornis splendidus
Purple Starling,Lamprotornis purpureus
Rüppell's Starling,Lamprotornis purpuroptera
Golden-breasted Starling,Lamprotornis regius
Black-bellied Starling,Lamprotornis corruscus
Superb Starling,Lamprotornis superbus
Hildebrandt's Starling,Lamprotornis hildebrandti
Shelley's Starling,Lamprotornis shelleyi
Fischer's Starling,Lamprotornis fischeri
Abbott's Starling,Cynniricinclus femoralis
Violet-backed Starling,Cynniricinclus leucogaster
White-crowned Starling,Spreo albicapillus
Magpie Starling,Speculipastor bicolor
Red-winged Starling,Onychognathus morio
Slender-billed Starling,Onychognathus tenuirostris
Waller's Starling,Onychognathus walleri
Bristle-crowned Starling,Onychognathus salvadorii
Stuhlmann's Starling,Poeoptera stuhlmanni
Kenrick's Starling,Poeoptera kenricki
Sharpe's Starling,Pholia sharpii
Red-billed Oxpecker,Buphagus erythrorhynchus
Yellow-billed Oxpecker,Buphagus africanus
Red-tailed Ant Thrush,Neocossyphus rufus
White-tailed Ant Thrush,Neocossyphus poensis
Abyssinian Ground Thrush,Zoothera piaggiae
Orange Ground Thrush,Zoothera gurneyi
Spotted Ground Thrush,Zoothera guttata
African Thrush,Turdus pelios
African Bare-eyed Thrush,Turdus tephronotus
Olive Thrush,Turdus olivaceus
Taita Thrush,Turdus helleri
Brown-chested Alethe,Alethe poliocephala
White-starred Robin,Pogonocichla stellata
Equatorial Akalat,Sheppardia aequatorialis
East Coast Akalat,Sheppardia gunningi
Grey-winged Robin,Sheppardia polioptera
Thrush Nightingale,Luscinia luscinia
Common Nightingale,Luscinia megarhynchos
Irania,Irania gutturalis
Cape Robin Chat,Cossypha caffra
Blue-shouldered Robin Chat,Cossypha cyanocampter
Rüppell's Robin Chat,Cossypha semirufa
White-browed Robin Chat,Cossypha heuglini
Red-capped Robin Chat,Cossypha natalensis
Snowy-headed Robin Chat,Cossypha niveicapilla
Collared Palm Thrush,Cichladusa arquata
Spotted Palm Thrush,Cichladusa guttata
Bearded Scrub Robin,Cercotrichas quadrivirgata
Brown-backed Scrub Robin,Cercotrichas hartlaubi
White-browed Scrub Robin,Cercotrichas leucophrys
Rufous Bush Chat,Cercotrichas galactotes
Common Redstart,Phoenicurus pheonicurus
Whinchat,Saxicola rubetra
Common Stonechat,Saxicola torquatus
Capped Wheatear,Oenanthe pileata
Heuglin's Wheatear,Oenanthe heuglini
Isabelline Wheatear,Oenanthe isabellina
Northern Wheatear,Oenanthe oenanthe
Pied Wheatear,Oenanthe pleschanka
Black-eared Wheatear,Oenanthe hispanica
Desert Wheatear,Oenanthe deserti
Abyssinian Wheatear,Oenanthe lugubris
Familiar Chat,Cercomela familiaris
Brown-tailed Rock Chat,Cercomela scotocerca
Moorland Chat,Cercomela sordida
Northern Anteater Chat,Myrmecocichla aethiops
Sooty Chat,Myrmecocichla nigra
Mocking Cliff Chat,Thamnolaea cinnamomeiventris
Common Rock Thrush,Monticola saxatilis
Little Rock Thrush,Monticola rufocinereus
White-eyed Slaty Flycatcher,Melaenornis fischeri
Northern Black Flycatcher,Melaenornis edolioides
Southern Black Flycatcher,Melaenornis pammelaina
Pale Flycatcher,Bradornis pallidus
African Grey Flycatcher,Bradornis microrhynchus
Silverbird,Empidornis semipartitus
Spotted Flycatcher,Muscicapa striata
Gambaga Flycatcher,Muscicapa gambagae
Ashy Flycatcher,Muscicapa caerulescens
Swamp Flycatcher,Muscicapa aquatica
Chapin's Flycatcher,Muscicapa lendu
African Dusky Flycatcher,Muscicapa adusta
Lead-coloured Flycatcher,Myioparus plumbeus
Pied Flycatcher,Ficedula hypoleuca
Collared Flycatcher,Ficedula albicollis
Semi-collared Flycatcher,Ficedula semitorquata
Plain-backed Sunbird,Anthreptes reichenowi
Western Violet-backed Sunbird,Anthreptes longuemarei
Eastern Violet-backed Sunbird,Anthreptes orientalis
Uluguru Violet-backed Sunbird,Anthreptes neglectus
Grey-chinned Sunbird,Anthreptes rectirostris
Collared Sunbird,Hedydipna collaris
Pygmy Sunbird,Hedydipna platyura
Amani Sunbird,Hedydipna pallidigaster
Green-headed Sunbird,Cyanomitra verticalis
Olive Sunbird,Cyanomitra olivacea
Mouse-collared Sunbird,Cyanomitra veroxii
Green-throated Sunbird,Chalcomitra rubescens
Amethyst Sunbird,Chalcomitra amethystina
Scarlet-chested Sunbird,Chalcomitra senegalensis
Hunter's Sunbird,Chalcomitra hunteri
Tacazze Sunbird,Nectarinia tacazze
Bronze Sunbird,Nectarinia kilimensis
Malachite Sunbird,Nectarinia famosa
Scarlet-tufted Sunbird,Nectarinia johnstoni
Golden-winged Sunbird,Drepanorhynchus reichenowi
Olive-bellied Sunbird,Cinnyris chloropygius
Northern Double-collared Sunbird,Cinnyris reichenowi
Eastern Double-collared Sunbird,Cinnyris mediocris
Usambara Double-collared Sunbird,Cinnyris usambaricus
Beautiful Sunbird,Cinnyris pulchellus
Marico Sunbird,Cinnyris mariquensis
Red-chested Sunbird,Cinnyris erythrocercus
Black-bellied Sunbird,Cinnyris nectarinioides
Purple-banded Sunbird,Cinnyris bifasciatus
Tsavo Sunbird,Cinnyris tsavoensis
Violet-breasted Sunbird,Cinnyris chalcomelas
Orange-tufted Sunbird,Cinnyris bouvieri
Shining Sunbird,Cinnyris habessinicus
Variable Sunbird,Cinnyris venustus
Superb Sunbird,Cinnyris superbus
Copper Sunbird,Cinnyris cupreus
White-browed Sparrow Weaver,Plocepasser mahali
Chestnut-crowned Sparrow Weaver,Plocepasser superciliosus
Donaldson Smith's Sparrow Weaver,Plocepasser donaldsoni
Rufous-tailed Weaver,Histurgops ruficauda
Grey-capped Social Weaver,Pseudonigrita arnaudi
Black-capped Social Weaver,Pseudonigrita cabanisi
House Sparrow,Passer domesticus
Somali Sparrow,Passer castanopterus
Kenya Rufous Sparrow,Passer rufocinctus
Grey-headed Sparrow,Passer griseus
Chestnut Sparrow,Passer eminibey
Yellow-spotted Petronia,Petronia pyrgita
White-billed Buffalo Weaver,Bubalornis albirostris
Red-billed Buffalo Weaver,Bubalornis niger
White-headed Buffalo Weaver,Dinemellia dinemelli
Speckle-fronted Weaver,Sporopipes frontalis
Grosbeak Weaver,Amblyospiza albifrons
Baglafecht Weaver,Ploceus baglafecht
Slender-billed Weaver,Ploceus pelzelni
Little Weaver,Ploceus luteolus
Spectacled Weaver,Ploceus ocularis
Black-necked Weaver,Ploceus nigricollis
Black-billed Weaver,Ploceus melanogaster
Eastern Golden Weaver,Ploceus subaureus
Holub's Golden Weaver,Ploceus xanthops
Orange Weaver,Ploceus aurantius
Heuglin's Masked Weaver,Ploceus heuglini
Golden Palm Weaver,Ploceus bojeri
Taveta Golden Weaver,Ploceus castaneiceps
Northern Brown-throated Weaver,Ploceus castanops
Northern Masked Weaver,Ploceus taeniopterus
Lesser Masked Weaver,Ploceus intermedius
Vitelline Masked Weaver,Ploceus vitellinus
Speke's Weaver,Ploceus spekei
Village Weaver,Ploceus cucullatus
Vieillot's Black Weaver,Ploceus nigerrimus
Clarke's Weaver,Ploceus golandi
Juba Weaver,Ploceus dichrocephalus
Yellow-backed Weaver,Ploceus melanocephalus
Golden-backed Weaver,Ploceus jacksoni
Chestnut Weaver,Ploceus rubiginosus
Yellow-mantled Weaver,Ploceus tricolor
Compact Weaver,Ploceus superciliosus
Dark-backed Weaver,Ploceus bicolor
Brown-capped Weaver,Ploceus insignis
Red-headed Malimbe,Malimbus rubricollis
Red-headed Weaver,Anaplectes melanotis
Cardinal Quelea,Quelea cardinalis
Red-headed Quelea,Quelea erythrops
Red-billed Quelea,Quelea quelea
Yellow-crowned Bishop,Euplectes afer
Fire-fronted Bishop,Euplectes diadematus
Black Bishop,Euplectes gierowii
Zanzibar Red Bishop,Euplectes nigroventris
Black-winged Red Bishoop,Euplectes hordeaceus
Southern Red Bishop,Euplectes orix
Northern Red Bishop,Euplectes franciscanus
Yellow Bishop,Euplectes capensis
Fan-tailed Widowbird,Euplectes axillaris
Yellow-mantled Widowbird,Euplectes macroura
Marsh Widowbird,Euplectes hartlaubi
White-winged Widowbird,Euplectes albonotatus
Red-collared Widowbird,Euplectes ardens
Long-tailed Widowbird,Euplectes progne
Jackson's Widowbird,Euplectes jacksoni
White-breasted Negrofinch,Nigrita fusconotus
Grey-headed Negrofinch,Nigrita canicapillus
Yellow-bellied Waxbill,Coccopygia quartinia
Green-backed Twinspot,Mandingoa nitidula
Abyssinian Crimsonwing,Cryptospiza salvadorii
Fawn-breasted Waxbill,Estrilda paludicola
Crimson-rumped Waxbill,Estrilda rhodopyga
Black-rumped Waxbill,Estrilda troglodytes
Common Waxbill,Estrilda astrild
Black-crowned Waxbill,Estrilda nonnula
Kandt's Waxbill,Estrilda kandti
Black-faced Waxbill,Estrilda erythronotus
Black-cheeked Waxbill,Estrilda charmosyna
Red-headed Bluebill,Spermophaga ruficapilla
Black-bellied Seed-cracker,Pyrenestes ostrinus
Red-cheeked Cordon-bleu,Uraeginthus bengalus
Blue-capped Cordon-bleu,Uraeginthus cyanocephalus
Purple Grenadier,Granatina ianthinogaster
Peters's Twinspot,Hypargos niveoguttatus
Brown Twinspot,Clytospiza monteiri
Orange-winged Pytilia,Pytilia afra
Green-winged Pytilia,Pytilia melba
Black-bellied Firefinch,Lagonosticta rara
Bar-breasted Firefinch,Lagonosticta rufopicta
Red-billed Firefinch,Lagonosticta senegala
African Firefinch,Lagonosticta rubricata
Jameson's Firefinch,Lagonosticta rhodopareia
Cut-throat Finch,Amadina fasciata
African Quailfinch,Ortygospiza fuscocrissa
Orange-breasted Waxbill,Amandava subflava
Locust Finch,Paludipasser locustella
Grey-headed Silverbill,Odontospiza griseicapilla
Bronze Mannikin,Spermestes cucculatus
Black-and-white Mannikin,Spermestes bicolor
Magpie Mannikin,Spermestes fringilloides
African Silverbill,Euodice cantans
Parasitic Weaver,Anomalospiza imberbis
Pin-tailed Whydah,Vidua macroura
Broad-tailed Paradise Whydah,Vidua obtusa
Eastern Paradise Whydah,Vidua paradisaea
Steel-blue Whydah,Vidua hypocherina
Straw-tailed Whydah,Vidua fischeri
Village Indigobird,Vidua chalybeata
Dusky Indigobird,Vidua funerea
Purple Indigobird,Vidua purpurascens
Yellow Wagtail,Motacilla flava
Cape Wagtail,Motacilla capensis
Grey Wagtail,Motacilla cinerea
Mountain Wagtail,Motacilla clara
White Wagtail,Motacilla alba
African Pied Wagtail,Motacilla aguimp
Golden Pipit,Tmetothylacus tenellus
Sharpe's Longclaw,Macronyx sharpei
Yellow-throated Longclaw,Macronyx croceus
Pangani Longclaw,Macronyx aurantiigula
Rosy-breasted Lonclaw,Macronyx ameliae
Grassland Pipit,Anthus cinnamomeus
Tawny Pipit,Anthus campestris
Long-billed Pipit,Anthus similis
Plain-backed Pipit,Anthus leucophrys
Buffy Pipit,Anthus vaalensis
Tree Pipit,Anthus trivialis
Red-throated Pipit,Anthus cervinus
Striped Pipit,Anthus lineiventris
Bush Pipit,Anthus caffer
Sokoke Pipit,Anthus sokokensis
Malindi Pipit,Anthus melindae
Yellow-crowned Canary,Serinus flavivertex
African Citril,Crithagra citrinelloides
Southern Citril,Crithagra hyposticta
Papyrus Canary,Crithagra koliensis
Reichenow's Seedeater,Crithagra reichenowi
Black-throated Seedeater,Crithagra atrogularis
Yellow-fronted Canary,Crithagra mozambica
Northern Grosbeak Canary,Crithagra donaldsoni
Southern Grosbeak Canary,Crithagra buchanani
White-bellied Canary,Crithagra dorsostriata
Brimstone Canary,Crithagra sulphurata
Stripe-breasted Seedeater,Crithagra reichardi
Streaky-headed Seedeater,Crithagra gularis
Streaky Seedeater,Crithagra striolata
Thick-billed Seedeater,Crithagra burtoni
Oriole Finch,Linurgus olivaceus
Ortolan Bunting,Emberiza hortulana
House Bunting,Emberiza striolata
Cinnamon-breasted Bunting,Emberiza tahapisi
Somali Bunting,Emberiza poliopleura
Golden-breasted Bunting,Emberiza flaviventris
Brown-rumped Bunting,Emberiza affinis
